eval_group,set,target,method,n,pos,auprc,auroc,failure_rate,mean_dice,noise,diff_vs_sam_auprc,diff_ci_low,diff_ci_high,diff_p
noise=0.00,pooled_heldout,failure,SPRC-CB,525,28,0.46167357367068396,0.9321284851968956,0.05333333333333334,0.8926362754857672,0.0,0.14506484403473005,0.0452453520547339,0.2511445160871608,0.0
noise=0.00,pooled_heldout,failure,SAM IoU min,525,28,0.3194845213212446,0.9088818626041967,0.05333333333333334,0.8926362754857672,0.0,,,,
noise=0.00,pooled_heldout,failure,Prompt-pert. unc.,525,28,0.35797986379413593,0.8950847944811727,0.05333333333333334,0.8926362754857672,0.0,,,,
noise=0.00,pooled_heldout,failure,Mask IoU disag.,525,28,0.3803249486763731,0.8970968669157805,0.05333333333333334,0.8926362754857672,0.0,,,,
noise=0.00,pooled_heldout,failure,SPRC no-conf top2,525,28,0.46115937583172684,0.9066901408450705,0.05333333333333334,0.8926362754857672,0.0,,,,
noise=0.00,CVC-ClinicDB,failure,SPRC-CB,150,10,0.43936611650652535,0.9146428571428571,0.06666666666666667,0.8886431308238336,0.0,,,,
noise=0.00,CVC-ClinicDB,failure,SAM IoU min,150,10,0.2681256907744272,0.8378571428571429,0.06666666666666667,0.8886431308238336,0.0,,,,
noise=0.00,CVC-ClinicDB,failure,Prompt-pert. unc.,150,10,0.4810629346988373,0.9228571428571428,0.06666666666666667,0.8886431308238336,0.0,,,,
noise=0.00,CVC-ClinicDB,failure,Mask IoU disag.,150,10,0.5271649184149184,0.9321428571428572,0.06666666666666667,0.8886431308238336,0.0,,,,
noise=0.00,CVC-ClinicDB,failure,SPRC no-conf top2,150,10,0.45305098410361566,0.9514285714285714,0.06666666666666667,0.8886431308238336,0.0,,,,
noise=0.00,CVC-ColonDB,failure,SPRC-CB,150,3,0.0680489101541733,0.800453514739229,0.02,0.8936195080922801,0.0,,,,
noise=0.00,CVC-ColonDB,failure,SAM IoU min,150,3,0.0900093370681606,0.8616780045351474,0.02,0.8936195080922801,0.0,,,,
noise=0.00,CVC-ColonDB,failure,Prompt-pert. unc.,150,3,0.07153502235469449,0.6848072562358276,0.02,0.8936195080922801,0.0,,,,
noise=0.00,CVC-ColonDB,failure,Mask IoU disag.,150,3,0.08020770316596088,0.6961451247165533,0.02,0.8936195080922801,0.0,,,,
noise=0.00,CVC-ColonDB,failure,SPRC no-conf top2,150,3,0.04658949040971513,0.5850340136054422,0.02,0.8936195080922801,0.0,,,,
noise=0.00,ETIS-Larib,failure,SPRC-CB,150,6,0.8412698412698413,0.9733796296296297,0.04,0.9116012223285692,0.0,,,,
noise=0.00,ETIS-Larib,failure,SAM IoU min,150,6,0.736111111111111,0.9791666666666666,0.04,0.9116012223285692,0.0,,,,
noise=0.00,ETIS-Larib,failure,Prompt-pert. unc.,150,6,0.8470319634703196,0.9224537037037037,0.04,0.9116012223285692,0.0,,,,
noise=0.00,ETIS-Larib,failure,Mask IoU disag.,150,6,0.8470319634703196,0.9224537037037037,0.04,0.9116012223285692,0.0,,,,
noise=0.00,ETIS-Larib,failure,SPRC no-conf top2,150,6,0.7074314574314573,0.9097222222222222,0.04,0.9116012223285692,0.0,,,,
noise=0.00,Kvasir-SEG,failure,SPRC-CB,75,9,0.6686347603014269,0.941077441077441,0.12,0.8607262059110043,0.0,,,,
noise=0.00,Kvasir-SEG,failure,SAM IoU min,75,9,0.5919810209283894,0.9276094276094276,0.12,0.8607262059110043,0.0,,,,
noise=0.00,Kvasir-SEG,failure,Prompt-pert. unc.,75,9,0.46668552943062747,0.9057239057239057,0.12,0.8607262059110043,0.0,,,,
noise=0.00,Kvasir-SEG,failure,Mask IoU disag.,75,9,0.4600769600769601,0.9057239057239057,0.12,0.8607262059110043,0.0,,,,
noise=0.00,Kvasir-SEG,failure,SPRC no-conf top2,75,9,0.6935273368606703,0.936026936026936,0.12,0.8607262059110043,0.0,,,,
noise=0.00,pooled_heldout,failure80,SPRC-CB,525,44,0.5389067795737953,0.9115951615951615,0.0838095238095238,0.8926362754857672,0.0,0.09868034338900616,0.011371244558328341,0.188072673452361,0.022
noise=0.00,pooled_heldout,failure80,SAM IoU min,525,44,0.4308305144305219,0.8902381402381403,0.0838095238095238,0.8926362754857672,0.0,,,,
noise=0.00,pooled_heldout,failure80,Prompt-pert. unc.,525,44,0.3786100983131534,0.8583443583443583,0.0838095238095238,0.8926362754857672,0.0,,,,
noise=0.00,pooled_heldout,failure80,Mask IoU disag.,525,44,0.4043207457000181,0.8604706104706105,0.0838095238095238,0.8926362754857672,0.0,,,,
noise=0.00,pooled_heldout,failure80,SPRC no-conf top2,525,44,0.5114061768560794,0.8831033831033832,0.0838095238095238,0.8926362754857672,0.0,,,,
noise=0.00,CVC-ClinicDB,failure80,SPRC-CB,150,16,0.5993630011649889,0.9272388059701492,0.10666666666666667,0.8886431308238336,0.0,,,,
noise=0.00,CVC-ClinicDB,failure80,SAM IoU min,150,16,0.4257477333919352,0.871268656716418,0.10666666666666667,0.8886431308238336,0.0,,,,
noise=0.00,CVC-ClinicDB,failure80,Prompt-pert. unc.,150,16,0.4814389632645378,0.90625,0.10666666666666667,0.8886431308238336,0.0,,,,
noise=0.00,CVC-ClinicDB,failure80,Mask IoU disag.,150,16,0.5161572483231966,0.9127798507462687,0.10666666666666667,0.8886431308238336,0.0,,,,
noise=0.00,CVC-ClinicDB,failure80,SPRC no-conf top2,150,16,0.5362904629797669,0.9388992537313433,0.10666666666666667,0.8886431308238336,0.0,,,,
noise=0.00,CVC-ColonDB,failure80,SPRC-CB,150,12,0.27160056618003675,0.8013285024154589,0.08,0.8936195080922801,0.0,,,,
noise=0.00,CVC-ColonDB,failure80,SAM IoU min,150,12,0.2848584604811892,0.7910628019323671,0.08,0.8936195080922801,0.0,,,,
noise=0.00,CVC-ColonDB,failure80,Prompt-pert. unc.,150,12,0.23500990344750575,0.6884057971014492,0.08,0.8936195080922801,0.0,,,,
noise=0.00,CVC-ColonDB,failure80,Mask IoU disag.,150,12,0.24170823888903534,0.6920289855072463,0.08,0.8936195080922801,0.0,,,,
noise=0.00,CVC-ColonDB,failure80,SPRC no-conf top2,150,12,0.2614150778124307,0.7370169082125604,0.08,0.8936195080922801,0.0,,,,
noise=0.00,ETIS-Larib,failure80,SPRC-CB,150,7,0.7738095238095237,0.9660339660339661,0.04666666666666667,0.9116012223285692,0.0,,,,
noise=0.00,ETIS-Larib,failure80,SAM IoU min,150,7,0.7423469387755102,0.981018981018981,0.04666666666666667,0.9116012223285692,0.0,,,,
noise=0.00,ETIS-Larib,failure80,Prompt-pert. unc.,150,7,0.7441568511612451,0.887112887112887,0.04666666666666667,0.9116012223285692,0.0,,,,
noise=0.00,ETIS-Larib,failure80,Mask IoU disag.,150,7,0.744467860906217,0.8881118881118881,0.04666666666666667,0.9116012223285692,0.0,,,,
noise=0.00,ETIS-Larib,failure80,SPRC no-conf top2,150,7,0.6222766304733518,0.8686313686313686,0.04666666666666667,0.9116012223285692,0.0,,,,
noise=0.00,Kvasir-SEG,failure80,SPRC-CB,75,9,0.6686347603014269,0.941077441077441,0.12,0.8607262059110043,0.0,,,,
noise=0.00,Kvasir-SEG,failure80,SAM IoU min,75,9,0.5919810209283894,0.9276094276094276,0.12,0.8607262059110043,0.0,,,,
noise=0.00,Kvasir-SEG,failure80,Prompt-pert. unc.,75,9,0.46668552943062747,0.9057239057239057,0.12,0.8607262059110043,0.0,,,,
noise=0.00,Kvasir-SEG,failure80,Mask IoU disag.,75,9,0.4600769600769601,0.9057239057239057,0.12,0.8607262059110043,0.0,,,,
noise=0.00,Kvasir-SEG,failure80,SPRC no-conf top2,75,9,0.6935273368606703,0.936026936026936,0.12,0.8607262059110043,0.0,,,,
noise=0.00,pooled_heldout,severe_failure,SPRC-CB,525,11,0.3167441697902099,0.9501238061549345,0.02095238095238095,0.8926362754857672,0.0,0.11780821629706666,-0.006326124233495898,0.2733892487578116,0.062
noise=0.00,pooled_heldout,severe_failure,SAM IoU min,525,11,0.2110000547406919,0.9278386982667137,0.02095238095238095,0.8926362754857672,0.0,,,,
noise=0.00,pooled_heldout,severe_failure,Prompt-pert. unc.,525,11,0.258785637550096,0.9184648036788114,0.02095238095238095,0.8926362754857672,0.0,,,,
noise=0.00,pooled_heldout,severe_failure,Mask IoU disag.,525,11,0.2539446495554797,0.9186416696144323,0.02095238095238095,0.8926362754857672,0.0,,,,
noise=0.00,pooled_heldout,severe_failure,SPRC no-conf top2,525,11,0.3066571012425169,0.9296073576229219,0.02095238095238095,0.8926362754857672,0.0,,,,
noise=0.00,CVC-ClinicDB,severe_failure,SPRC-CB,150,2,0.14347826086956522,0.9155405405405405,0.013333333333333334,0.8886431308238336,0.0,,,,
noise=0.00,CVC-ClinicDB,severe_failure,SAM IoU min,150,2,0.14627659574468085,0.8378378378378378,0.013333333333333334,0.8886431308238336,0.0,,,,
noise=0.00,CVC-ClinicDB,severe_failure,Prompt-pert. unc.,150,2,0.5625,0.9527027027027026,0.013333333333333334,0.8886431308238336,0.0,,,,
noise=0.00,CVC-ClinicDB,severe_failure,Mask IoU disag.,150,2,0.5625,0.9527027027027026,0.013333333333333334,0.8886431308238336,0.0,,,,
noise=0.00,CVC-ClinicDB,severe_failure,SPRC no-conf top2,150,2,0.13247863247863248,0.9358108108108109,0.013333333333333334,0.8886431308238336,0.0,,,,
noise=0.00,CVC-ColonDB,severe_failure,SPRC-CB,150,1,0.022727272727272728,0.7114093959731543,0.006666666666666667,0.8936195080922801,0.0,,,,
noise=0.00,CVC-ColonDB,severe_failure,SAM IoU min,150,1,0.02857142857142857,0.7718120805369127,0.006666666666666667,0.8936195080922801,0.0,,,,
noise=0.00,CVC-ColonDB,severe_failure,Prompt-pert. unc.,150,1,0.012987012987012988,0.4899328859060402,0.006666666666666667,0.8936195080922801,0.0,,,,
noise=0.00,CVC-ColonDB,severe_failure,Mask IoU disag.,150,1,0.013157894736842105,0.49664429530201337,0.006666666666666667,0.8936195080922801,0.0,,,,
noise=0.00,CVC-ColonDB,severe_failure,SPRC no-conf top2,150,1,0.011363636363636364,0.4161073825503355,0.006666666666666667,0.8936195080922801,0.0,,,,
noise=0.00,ETIS-Larib,severe_failure,SPRC-CB,150,4,0.7708333333333333,0.9931506849315068,0.02666666666666667,0.9116012223285692,0.0,,,,
noise=0.00,ETIS-Larib,severe_failure,SAM IoU min,150,4,0.6071428571428571,0.9777397260273972,0.02666666666666667,0.9116012223285692,0.0,,,,
noise=0.00,ETIS-Larib,severe_failure,Prompt-pert. unc.,150,4,0.8041666666666667,0.9948630136986301,0.02666666666666667,0.9116012223285692,0.0,,,,
noise=0.00,ETIS-Larib,severe_failure,Mask IoU disag.,150,4,0.6791666666666667,0.9931506849315068,0.02666666666666667,0.9116012223285692,0.0,,,,
noise=0.00,ETIS-Larib,severe_failure,SPRC no-conf top2,150,4,0.6416666666666666,0.9828767123287672,0.02666666666666667,0.9116012223285692,0.0,,,,
noise=0.00,Kvasir-SEG,severe_failure,SPRC-CB,75,4,0.48333333333333334,0.9647887323943661,0.05333333333333334,0.8607262059110043,0.0,,,,
noise=0.00,Kvasir-SEG,severe_failure,SAM IoU min,75,4,0.525,0.971830985915493,0.05333333333333334,0.8607262059110043,0.0,,,,
noise=0.00,Kvasir-SEG,severe_failure,Prompt-pert. unc.,75,4,0.3706709956709957,0.9330985915492958,0.05333333333333334,0.8607262059110043,0.0,,,,
noise=0.00,Kvasir-SEG,severe_failure,Mask IoU disag.,75,4,0.3742424242424242,0.9330985915492958,0.05333333333333334,0.8607262059110043,0.0,,,,
noise=0.00,Kvasir-SEG,severe_failure,SPRC no-conf top2,75,4,0.475,0.9507042253521126,0.05333333333333334,0.8607262059110043,0.0,,,,
noise=0.05,pooled_heldout,failure,SPRC-CB,525,27,0.44795372201970945,0.9342555406812435,0.05142857142857143,0.8901353750795116,0.05,0.08277150429349353,-0.012239999265285333,0.19089081001989275,0.076
noise=0.05,pooled_heldout,failure,SAM IoU min,525,27,0.37141367703803646,0.9074817789677228,0.05142857142857143,0.8901353750795116,0.05,,,,
noise=0.05,pooled_heldout,failure,Prompt-pert. unc.,525,27,0.25836972901827077,0.8850215677524914,0.05142857142857143,0.8901353750795116,0.05,,,,
noise=0.05,pooled_heldout,failure,Mask IoU disag.,525,27,0.27151284373836826,0.8862115127175367,0.05142857142857143,0.8901353750795116,0.05,,,,
noise=0.05,pooled_heldout,failure,SPRC no-conf top2,525,27,0.4500871038567816,0.9206455451435371,0.05142857142857143,0.8901353750795116,0.05,,,,
noise=0.05,CVC-ClinicDB,failure,SPRC-CB,150,9,0.26536290220500747,0.900709219858156,0.06,0.8855293146893662,0.05,,,,
noise=0.05,CVC-ClinicDB,failure,SAM IoU min,150,9,0.21144878091500408,0.8203309692671394,0.06,0.8855293146893662,0.05,,,,
noise=0.05,CVC-ClinicDB,failure,Prompt-pert. unc.,150,9,0.23818542555340744,0.8841607565011821,0.06,0.8855293146893662,0.05,,,,
noise=0.05,CVC-ClinicDB,failure,Mask IoU disag.,150,9,0.2374619084202373,0.8810086682427108,0.06,0.8855293146893662,0.05,,,,
noise=0.05,CVC-ClinicDB,failure,SPRC no-conf top2,150,9,0.2686270227218503,0.9054373522458629,0.06,0.8855293146893662,0.05,,,,
noise=0.05,CVC-ColonDB,failure,SPRC-CB,150,3,0.37438423645320196,0.8163265306122449,0.02,0.8918060624839942,0.05,,,,
noise=0.05,CVC-ColonDB,failure,SAM IoU min,150,3,0.38002980625931443,0.8231292517006803,0.02,0.8918060624839942,0.05,,,,
noise=0.05,CVC-ColonDB,failure,Prompt-pert. unc.,150,3,0.08260214081109603,0.7233560090702947,0.02,0.8918060624839942,0.05,,,,
noise=0.05,CVC-ColonDB,failure,Mask IoU disag.,150,3,0.0941638608305275,0.7301587301587301,0.02,0.8918060624839942,0.05,,,,
noise=0.05,CVC-ColonDB,failure,SPRC no-conf top2,150,3,0.3643907064959696,0.7573696145124718,0.02,0.8918060624839942,0.05,,,,
noise=0.05,ETIS-Larib,failure,SPRC-CB,150,6,0.7564745196324144,0.9583333333333334,0.04,0.9093480040239638,0.05,,,,
noise=0.05,ETIS-Larib,failure,SAM IoU min,150,6,0.723087098087098,0.9826388888888888,0.04,0.9093480040239638,0.05,,,,
noise=0.05,ETIS-Larib,failure,Prompt-pert. unc.,150,6,0.6952482702482702,0.8946759259259259,0.04,0.9093480040239638,0.05,,,,
noise=0.05,ETIS-Larib,failure,Mask IoU disag.,150,6,0.7818223443223443,0.8981481481481481,0.04,0.9093480040239638,0.05,,,,
noise=0.05,ETIS-Larib,failure,SPRC no-conf top2,150,6,0.7980599647266313,0.9108796296296297,0.04,0.9093480040239638,0.05,,,,
noise=0.05,Kvasir-SEG,failure,SPRC-CB,75,9,0.671957671957672,0.9595959595959596,0.12,0.8575808631619324,0.05,,,,
noise=0.05,Kvasir-SEG,failure,SAM IoU min,75,9,0.6595959595959596,0.9444444444444444,0.12,0.8575808631619324,0.05,,,,
noise=0.05,Kvasir-SEG,failure,Prompt-pert. unc.,75,9,0.48480901814235144,0.9208754208754208,0.12,0.8575808631619324,0.05,,,,
noise=0.05,Kvasir-SEG,failure,Mask IoU disag.,75,9,0.5321176281960596,0.9175084175084174,0.12,0.8575808631619324,0.05,,,,
noise=0.05,Kvasir-SEG,failure,SPRC no-conf top2,75,9,0.7121091871091871,0.9595959595959596,0.12,0.8575808631619324,0.05,,,,
noise=0.05,pooled_heldout,failure80,SPRC-CB,525,46,0.5116088740891166,0.9032858309884724,0.08761904761904762,0.8901353750795116,0.05,0.10755109391664366,0.04538944886686728,0.17264916497819072,0.002
noise=0.05,pooled_heldout,failure80,SAM IoU min,525,46,0.3994187309359614,0.8531814468548606,0.08761904761904762,0.8901353750795116,0.05,,,,
noise=0.05,pooled_heldout,failure80,Prompt-pert. unc.,525,46,0.35383006830733166,0.8694290641735499,0.08761904761904762,0.8901353750795116,0.05,,,,
noise=0.05,pooled_heldout,failure80,Mask IoU disag.,525,46,0.37211283842403187,0.8716075156576201,0.08761904761904762,0.8901353750795116,0.05,,,,
noise=0.05,pooled_heldout,failure80,SPRC no-conf top2,525,46,0.5387043858048025,0.9059408187346829,0.08761904761904762,0.8901353750795116,0.05,,,,
noise=0.05,CVC-ClinicDB,failure80,SPRC-CB,150,17,0.4939950093502429,0.8976116762494472,0.11333333333333333,0.8855293146893662,0.05,,,,
noise=0.05,CVC-ClinicDB,failure80,SAM IoU min,150,17,0.3445313675572855,0.8089340999557717,0.11333333333333333,0.8855293146893662,0.05,,,,
noise=0.05,CVC-ClinicDB,failure80,Prompt-pert. unc.,150,17,0.3489914540421065,0.8766032728881026,0.11333333333333333,0.8855293146893662,0.05,,,,
noise=0.05,CVC-ClinicDB,failure80,Mask IoU disag.,150,17,0.35487145261996267,0.875718708536046,0.11333333333333333,0.8855293146893662,0.05,,,,
noise=0.05,CVC-ClinicDB,failure80,SPRC no-conf top2,150,17,0.46382512894826594,0.9053516143299425,0.11333333333333333,0.8855293146893662,0.05,,,,
noise=0.05,CVC-ColonDB,failure80,SPRC-CB,150,12,0.31954488910857537,0.8013285024154589,0.08,0.8918060624839942,0.05,,,,
noise=0.05,CVC-ColonDB,failure80,SAM IoU min,150,12,0.251380406814388,0.7584541062801933,0.08,0.8918060624839942,0.05,,,,
noise=0.05,CVC-ColonDB,failure80,Prompt-pert. unc.,150,12,0.23192818787093408,0.734903381642512,0.08,0.8918060624839942,0.05,,,,
noise=0.05,CVC-ColonDB,failure80,Mask IoU disag.,150,12,0.25414942742907237,0.7415458937198067,0.08,0.8918060624839942,0.05,,,,
noise=0.05,CVC-ColonDB,failure80,SPRC no-conf top2,150,12,0.32940264378234296,0.7958937198067633,0.08,0.8918060624839942,0.05,,,,
noise=0.05,ETIS-Larib,failure80,SPRC-CB,150,6,0.7564745196324144,0.9583333333333334,0.04,0.9093480040239638,0.05,,,,
noise=0.05,ETIS-Larib,failure80,SAM IoU min,150,6,0.723087098087098,0.9826388888888888,0.04,0.9093480040239638,0.05,,,,
noise=0.05,ETIS-Larib,failure80,Prompt-pert. unc.,150,6,0.6952482702482702,0.8946759259259259,0.04,0.9093480040239638,0.05,,,,
noise=0.05,ETIS-Larib,failure80,Mask IoU disag.,150,6,0.7818223443223443,0.8981481481481481,0.04,0.9093480040239638,0.05,,,,
noise=0.05,ETIS-Larib,failure80,SPRC no-conf top2,150,6,0.7980599647266313,0.9108796296296297,0.04,0.9093480040239638,0.05,,,,
noise=0.05,Kvasir-SEG,failure80,SPRC-CB,75,11,0.6369047619047619,0.9332386363636364,0.14666666666666667,0.8575808631619324,0.05,,,,
noise=0.05,Kvasir-SEG,failure80,SAM IoU min,75,11,0.6049253368579351,0.8963068181818181,0.14666666666666667,0.8575808631619324,0.05,,,,
noise=0.05,Kvasir-SEG,failure80,Prompt-pert. unc.,75,11,0.5380016448198266,0.9261363636363636,0.14666666666666667,0.8575808631619324,0.05,,,,
noise=0.05,Kvasir-SEG,failure80,Mask IoU disag.,75,11,0.5951655593366824,0.9289772727272727,0.14666666666666667,0.8575808631619324,0.05,,,,
noise=0.05,Kvasir-SEG,failure80,SPRC no-conf top2,75,11,0.7657838121474485,0.9545454545454546,0.14666666666666667,0.8575808631619324,0.05,,,,
noise=0.05,pooled_heldout,severe_failure,SPRC-CB,525,13,0.3320979593641117,0.9456129807692307,0.024761904761904763,0.8901353750795116,0.05,0.07465366595462891,-0.05132980344532196,0.20304111843533212,0.212
noise=0.05,pooled_heldout,severe_failure,SAM IoU min,525,13,0.25824699246973915,0.9253305288461537,0.024761904761904763,0.8901353750795116,0.05,,,,
noise=0.05,pooled_heldout,severe_failure,Prompt-pert. unc.,525,13,0.1743718119874668,0.9223257211538461,0.024761904761904763,0.8901353750795116,0.05,,,,
noise=0.05,pooled_heldout,severe_failure,Mask IoU disag.,525,13,0.19295071158726543,0.9253305288461539,0.024761904761904763,0.8901353750795116,0.05,,,,
noise=0.05,pooled_heldout,severe_failure,SPRC no-conf top2,525,13,0.33062795340798284,0.943134014423077,0.024761904761904763,0.8901353750795116,0.05,,,,
noise=0.05,CVC-ClinicDB,severe_failure,SPRC-CB,150,3,0.21428571428571427,0.9251700680272109,0.02,0.8855293146893662,0.05,,,,
noise=0.05,CVC-ClinicDB,severe_failure,SAM IoU min,150,3,0.21618357487922704,0.8843537414965986,0.02,0.8855293146893662,0.05,,,,
noise=0.05,CVC-ClinicDB,severe_failure,Prompt-pert. unc.,150,3,0.11719576719576719,0.8956916099773242,0.02,0.8855293146893662,0.05,,,,
noise=0.05,CVC-ClinicDB,severe_failure,Mask IoU disag.,150,3,0.12059386973180078,0.8956916099773243,0.02,0.8855293146893662,0.05,,,,
noise=0.05,CVC-ClinicDB,severe_failure,SPRC no-conf top2,150,3,0.18223443223443225,0.927437641723356,0.02,0.8855293146893662,0.05,,,,
noise=0.05,CVC-ColonDB,severe_failure,SPRC-CB,150,1,0.017241379310344827,0.6174496644295302,0.006666666666666667,0.8918060624839942,0.05,,,,
noise=0.05,CVC-ColonDB,severe_failure,SAM IoU min,150,1,0.01639344262295082,0.5973154362416108,0.006666666666666667,0.8918060624839942,0.05,,,,
noise=0.05,CVC-ColonDB,severe_failure,Prompt-pert. unc.,150,1,0.01818181818181818,0.6375838926174497,0.006666666666666667,0.8918060624839942,0.05,,,,
noise=0.05,CVC-ColonDB,severe_failure,Mask IoU disag.,150,1,0.018518518518518517,0.6442953020134228,0.006666666666666667,0.8918060624839942,0.05,,,,
noise=0.05,CVC-ColonDB,severe_failure,SPRC no-conf top2,150,1,0.013513513513513514,0.5100671140939597,0.006666666666666667,0.8918060624839942,0.05,,,,
noise=0.05,ETIS-Larib,severe_failure,SPRC-CB,150,5,0.8761904761904762,0.9944827586206896,0.03333333333333333,0.9093480040239638,0.05,,,,
noise=0.05,ETIS-Larib,severe_failure,SAM IoU min,150,5,0.7753968253968253,0.9889655172413793,0.03333333333333333,0.9093480040239638,0.05,,,,
noise=0.05,ETIS-Larib,severe_failure,Prompt-pert. unc.,150,5,0.8211111111111111,0.9917241379310344,0.03333333333333333,0.9093480040239638,0.05,,,,
noise=0.05,ETIS-Larib,severe_failure,Mask IoU disag.,150,5,0.925,0.9958620689655172,0.03333333333333333,0.9093480040239638,0.05,,,,
noise=0.05,ETIS-Larib,severe_failure,SPRC no-conf top2,150,5,0.9428571428571428,0.9972413793103448,0.03333333333333333,0.9093480040239638,0.05,,,,
noise=0.05,Kvasir-SEG,severe_failure,SPRC-CB,75,4,0.44047619047619047,0.9577464788732394,0.05333333333333334,0.8575808631619324,0.05,,,,
noise=0.05,Kvasir-SEG,severe_failure,SAM IoU min,75,4,0.5,0.9647887323943661,0.05333333333333334,0.8575808631619324,0.05,,,,
noise=0.05,Kvasir-SEG,severe_failure,Prompt-pert. unc.,75,4,0.3617424242424242,0.9295774647887324,0.05333333333333334,0.8575808631619324,0.05,,,,
noise=0.05,Kvasir-SEG,severe_failure,Mask IoU disag.,75,4,0.5075757575757576,0.9401408450704225,0.05333333333333334,0.8575808631619324,0.05,,,,
noise=0.05,Kvasir-SEG,severe_failure,SPRC no-conf top2,75,4,0.42986111111111114,0.9507042253521126,0.05333333333333334,0.8575808631619324,0.05,,,,
noise=0.10,pooled_heldout,failure,SPRC-CB,525,35,0.5340493446718174,0.9309912536443149,0.06666666666666667,0.8746099981438821,0.1,0.17741337696262807,0.09516173528665059,0.2530647710192943,0.0
noise=0.10,pooled_heldout,failure,SAM IoU min,525,35,0.34234543999231076,0.8988921282798833,0.06666666666666667,0.8746099981438821,0.1,,,,
noise=0.10,pooled_heldout,failure,Prompt-pert. unc.,525,35,0.44345613836778247,0.8941107871720116,0.06666666666666667,0.8746099981438821,0.1,,,,
noise=0.10,pooled_heldout,failure,Mask IoU disag.,525,35,0.49856770411305684,0.8953935860058309,0.06666666666666667,0.8746099981438821,0.1,,,,
noise=0.10,pooled_heldout,failure,SPRC no-conf top2,525,35,0.5718620500198698,0.9228571428571428,0.06666666666666667,0.8746099981438821,0.1,,,,
noise=0.10,CVC-ClinicDB,failure,SPRC-CB,150,15,0.48699019162730334,0.8898765432098765,0.1,0.8588860658862597,0.1,,,,
noise=0.10,CVC-ClinicDB,failure,SAM IoU min,150,15,0.2849676585334617,0.8276543209876543,0.1,0.8588860658862597,0.1,,,,
noise=0.10,CVC-ClinicDB,failure,Prompt-pert. unc.,150,15,0.5340782437118721,0.8883950617283951,0.1,0.8588860658862597,0.1,,,,
noise=0.10,CVC-ClinicDB,failure,Mask IoU disag.,150,15,0.5794964513963418,0.894320987654321,0.1,0.8588860658862597,0.1,,,,
noise=0.10,CVC-ClinicDB,failure,SPRC no-conf top2,150,15,0.6081802725541228,0.9076543209876543,0.1,0.8588860658862597,0.1,,,,
noise=0.10,CVC-ColonDB,failure,SPRC-CB,150,4,0.4254081632653061,0.8818493150684932,0.02666666666666667,0.880234771947836,0.1,,,,
noise=0.10,CVC-ColonDB,failure,SAM IoU min,150,4,0.33878968253968256,0.8595890410958904,0.02666666666666667,0.880234771947836,0.1,,,,
noise=0.10,CVC-ColonDB,failure,Prompt-pert. unc.,150,4,0.17574189828862724,0.7893835616438356,0.02666666666666667,0.880234771947836,0.1,,,,
noise=0.10,CVC-ColonDB,failure,Mask IoU disag.,150,4,0.17722986748216107,0.785958904109589,0.02666666666666667,0.880234771947836,0.1,,,,
noise=0.10,CVC-ColonDB,failure,SPRC no-conf top2,150,4,0.22028911948266788,0.875,0.02666666666666667,0.880234771947836,0.1,,,,
noise=0.10,ETIS-Larib,failure,SPRC-CB,150,6,0.7148577148577149,0.9560185185185186,0.04,0.9031978580944247,0.1,,,,
noise=0.10,ETIS-Larib,failure,SAM IoU min,150,6,0.29059624585940375,0.9363425925925926,0.04,0.9031978580944247,0.1,,,,
noise=0.10,ETIS-Larib,failure,Prompt-pert. unc.,150,6,0.7803523035230353,0.8622685185185186,0.04,0.9031978580944247,0.1,,,,
noise=0.10,ETIS-Larib,failure,Mask IoU disag.,150,6,0.683130081300813,0.8599537037037038,0.04,0.9031978580944247,0.1,,,,
noise=0.10,ETIS-Larib,failure,SPRC no-conf top2,150,6,0.5472222222222222,0.8923611111111113,0.04,0.9031978580944247,0.1,,,,
noise=0.10,Kvasir-SEG,failure,SPRC-CB,75,10,0.7776290376290376,0.963076923076923,0.13333333333333333,0.8376325951501338,0.1,,,,
noise=0.10,Kvasir-SEG,failure,SAM IoU min,75,10,0.6699007936507936,0.943076923076923,0.13333333333333333,0.8376325951501338,0.1,,,,
noise=0.10,Kvasir-SEG,failure,Prompt-pert. unc.,75,10,0.7241791541791541,0.9338461538461538,0.13333333333333333,0.8376325951501338,0.1,,,,
noise=0.10,Kvasir-SEG,failure,Mask IoU disag.,75,10,0.7441791541791541,0.9353846153846153,0.13333333333333333,0.8376325951501338,0.1,,,,
noise=0.10,Kvasir-SEG,failure,SPRC no-conf top2,75,10,0.7492857142857142,0.9538461538461539,0.13333333333333333,0.8376325951501338,0.1,,,,
noise=0.10,pooled_heldout,failure80,SPRC-CB,525,58,0.5459972826754943,0.8837960570036181,0.11047619047619048,0.8746099981438821,0.1,0.12411807767674646,0.06349489049893185,0.18474552063522157,0.0
noise=0.10,pooled_heldout,failure80,SAM IoU min,525,58,0.41221757849275487,0.8464889610869083,0.11047619047619048,0.8746099981438821,0.1,,,,
noise=0.10,pooled_heldout,failure80,Prompt-pert. unc.,525,58,0.45872076568801823,0.8411725614708706,0.11047619047619048,0.8746099981438821,0.1,,,,
noise=0.10,pooled_heldout,failure80,Mask IoU disag.,525,58,0.49609359279012927,0.8427231780255482,0.11047619047619048,0.8746099981438821,0.1,,,,
noise=0.10,pooled_heldout,failure80,SPRC no-conf top2,525,58,0.5692274002341821,0.8876910581112013,0.11047619047619048,0.8746099981438821,0.1,,,,
noise=0.10,CVC-ClinicDB,failure80,SPRC-CB,150,23,0.566915278396596,0.8726463539883601,0.15333333333333332,0.8588860658862597,0.1,,,,
noise=0.10,CVC-ClinicDB,failure80,SAM IoU min,150,23,0.4121088061231177,0.8339609722697706,0.15333333333333332,0.8588860658862597,0.1,,,,
noise=0.10,CVC-ClinicDB,failure80,Prompt-pert. unc.,150,23,0.5464240413788481,0.859979459089353,0.15333333333333332,0.8588860658862597,0.1,,,,
noise=0.10,CVC-ClinicDB,failure80,Mask IoU disag.,150,23,0.5806169937554602,0.8675111263266004,0.15333333333333332,0.8588860658862597,0.1,,,,
noise=0.10,CVC-ClinicDB,failure80,SPRC no-conf top2,150,23,0.5953180536455949,0.8661417322834646,0.15333333333333332,0.8588860658862597,0.1,,,,
noise=0.10,CVC-ColonDB,failure80,SPRC-CB,150,16,0.30129529429165236,0.7574626865671641,0.10666666666666667,0.880234771947836,0.1,,,,
noise=0.10,CVC-ColonDB,failure80,SAM IoU min,150,16,0.23443872090032922,0.6861007462686568,0.10666666666666667,0.880234771947836,0.1,,,,
noise=0.10,CVC-ColonDB,failure80,Prompt-pert. unc.,150,16,0.2681507614392625,0.7229477611940298,0.10666666666666667,0.880234771947836,0.1,,,,
noise=0.10,CVC-ColonDB,failure80,Mask IoU disag.,150,16,0.2709356619350548,0.7210820895522388,0.10666666666666667,0.880234771947836,0.1,,,,
noise=0.10,CVC-ColonDB,failure80,SPRC no-conf top2,150,16,0.4175506995201929,0.8313899253731344,0.10666666666666667,0.880234771947836,0.1,,,,
noise=0.10,ETIS-Larib,failure80,SPRC-CB,150,8,0.649150042900043,0.9515845070422535,0.05333333333333334,0.9031978580944247,0.1,,,,
noise=0.10,ETIS-Larib,failure80,SAM IoU min,150,8,0.3926067718830876,0.9507042253521127,0.05333333333333334,0.9031978580944247,0.1,,,,
noise=0.10,ETIS-Larib,failure80,Prompt-pert. unc.,150,8,0.6151552750992626,0.7966549295774648,0.05333333333333334,0.9031978580944247,0.1,,,,
noise=0.10,ETIS-Larib,failure80,Mask IoU disag.,150,8,0.5415999544509186,0.7922535211267605,0.05333333333333334,0.9031978580944247,0.1,,,,
noise=0.10,ETIS-Larib,failure80,SPRC no-conf top2,150,8,0.4691775626172349,0.8683978873239436,0.05333333333333334,0.9031978580944247,0.1,,,,
noise=0.10,Kvasir-SEG,failure80,SPRC-CB,75,11,0.8669981533617898,0.9758522727272727,0.14666666666666667,0.8376325951501338,0.1,,,,
noise=0.10,Kvasir-SEG,failure80,SAM IoU min,75,11,0.7445165945165945,0.9559659090909091,0.14666666666666667,0.8376325951501338,0.1,,,,
noise=0.10,Kvasir-SEG,failure80,Prompt-pert. unc.,75,11,0.7802163493072585,0.9460227272727273,0.14666666666666667,0.8376325951501338,0.1,,,,
noise=0.10,Kvasir-SEG,failure80,Mask IoU disag.,75,11,0.7983981674890768,0.9474431818181819,0.14666666666666667,0.8376325951501338,0.1,,,,
noise=0.10,Kvasir-SEG,failure80,SPRC no-conf top2,75,11,0.7962481962481962,0.9630681818181818,0.14666666666666667,0.8376325951501338,0.1,,,,
noise=0.10,pooled_heldout,severe_failure,SPRC-CB,525,20,0.4137633304505069,0.9384158415841585,0.0380952380952381,0.8746099981438821,0.1,0.17379505300088802,0.06976927728623193,0.2841010952870798,0.002
noise=0.10,pooled_heldout,severe_failure,SAM IoU min,525,20,0.2292281570914262,0.898019801980198,0.0380952380952381,0.8746099981438821,0.1,,,,
noise=0.10,pooled_heldout,severe_failure,Prompt-pert. unc.,525,20,0.3742023303183338,0.919009900990099,0.0380952380952381,0.8746099981438821,0.1,,,,
noise=0.10,pooled_heldout,severe_failure,Mask IoU disag.,525,20,0.45718859904944503,0.9208910891089109,0.0380952380952381,0.8746099981438821,0.1,,,,
noise=0.10,pooled_heldout,severe_failure,SPRC no-conf top2,525,20,0.4693659088085109,0.9395049504950495,0.0380952380952381,0.8746099981438821,0.1,,,,
noise=0.10,CVC-ClinicDB,severe_failure,SPRC-CB,150,7,0.5203489519598942,0.9250749250749251,0.04666666666666667,0.8588860658862597,0.1,,,,
noise=0.10,CVC-ClinicDB,severe_failure,SAM IoU min,150,7,0.23497398959583832,0.8651348651348651,0.04666666666666667,0.8588860658862597,0.1,,,,
noise=0.10,CVC-ClinicDB,severe_failure,Prompt-pert. unc.,150,7,0.5451380552220888,0.9440559440559442,0.04666666666666667,0.8588860658862597,0.1,,,,
noise=0.10,CVC-ClinicDB,severe_failure,Mask IoU disag.,150,7,0.620071105365223,0.9500499500499501,0.04666666666666667,0.8588860658862597,0.1,,,,
noise=0.10,CVC-ClinicDB,severe_failure,SPRC no-conf top2,150,7,0.6177509281224451,0.9340659340659341,0.04666666666666667,0.8588860658862597,0.1,,,,
noise=0.10,CVC-ColonDB,severe_failure,SPRC-CB,150,2,0.04040816326530612,0.7601351351351351,0.013333333333333334,0.880234771947836,0.1,,,,
noise=0.10,CVC-ColonDB,severe_failure,SAM IoU min,150,2,0.0367063492063492,0.7162162162162162,0.013333333333333334,0.880234771947836,0.1,,,,
noise=0.10,CVC-ColonDB,severe_failure,Prompt-pert. unc.,150,2,0.08077436582109479,0.625,0.013333333333333334,0.880234771947836,0.1,,,,
noise=0.10,CVC-ColonDB,severe_failure,Mask IoU disag.,150,2,0.10917431192660551,0.625,0.013333333333333334,0.880234771947836,0.1,,,,
noise=0.10,CVC-ColonDB,severe_failure,SPRC no-conf top2,150,2,0.041770057899090156,0.7736486486486487,0.013333333333333334,0.880234771947836,0.1,,,,
noise=0.10,ETIS-Larib,severe_failure,SPRC-CB,150,5,0.8253968253968254,0.9903448275862069,0.03333333333333333,0.9031978580944247,0.1,,,,
noise=0.10,ETIS-Larib,severe_failure,SAM IoU min,150,5,0.28775058275058274,0.9420689655172414,0.03333333333333333,0.9031978580944247,0.1,,,,
noise=0.10,ETIS-Larib,severe_failure,Prompt-pert. unc.,150,5,0.9266666666666665,0.9972413793103448,0.03333333333333333,0.9031978580944247,0.1,,,,
noise=0.10,ETIS-Larib,severe_failure,Mask IoU disag.,150,5,0.81,0.9944827586206897,0.03333333333333333,0.9031978580944247,0.1,,,,
noise=0.10,ETIS-Larib,severe_failure,SPRC no-conf top2,150,5,0.6433333333333333,0.9875862068965516,0.03333333333333333,0.9031978580944247,0.1,,,,
noise=0.10,Kvasir-SEG,severe_failure,SPRC-CB,75,6,0.6396825396825396,0.9589371980676329,0.08,0.8376325951501338,0.1,,,,
noise=0.10,Kvasir-SEG,severe_failure,SAM IoU min,75,6,0.4841269841269841,0.9444444444444445,0.08,0.8376325951501338,0.1,,,,
noise=0.10,Kvasir-SEG,severe_failure,Prompt-pert. unc.,75,6,0.5942279942279942,0.932367149758454,0.08,0.8376325951501338,0.1,,,,
noise=0.10,Kvasir-SEG,severe_failure,Mask IoU disag.,75,6,0.6192279942279942,0.9347826086956521,0.08,0.8376325951501338,0.1,,,,
noise=0.10,Kvasir-SEG,severe_failure,SPRC no-conf top2,75,6,0.6013227513227513,0.9396135265700484,0.08,0.8376325951501338,0.1,,,,
noise=0.20,pooled_heldout,failure,SPRC-CB,525,57,0.4425930237478074,0.8744376968061178,0.10857142857142857,0.8231730861421882,0.2,0.09871656889523382,0.04033214488960949,0.1615234202321838,0.002
noise=0.20,pooled_heldout,failure,SAM IoU min,525,57,0.34668391498964773,0.8294721847353426,0.10857142857142857,0.8231730861421882,0.2,,,,
noise=0.20,pooled_heldout,failure,Prompt-pert. unc.,525,57,0.42649429045843695,0.8551132103763681,0.10857142857142857,0.8231730861421882,0.2,,,,
noise=0.20,pooled_heldout,failure,Mask IoU disag.,525,57,0.47196796435169447,0.856912580596791,0.10857142857142857,0.8231730861421882,0.2,,,,
noise=0.20,pooled_heldout,failure,SPRC no-conf top2,525,57,0.5062948534257338,0.8863397810766231,0.10857142857142857,0.8231730861421882,0.2,,,,
noise=0.20,CVC-ClinicDB,failure,SPRC-CB,150,27,0.48177756674208017,0.8440228846732911,0.18,0.7840303331932105,0.2,,,,
noise=0.20,CVC-ClinicDB,failure,SAM IoU min,150,27,0.421999805625744,0.7762722071665161,0.18,0.7840303331932105,0.2,,,,
noise=0.20,CVC-ClinicDB,failure,Prompt-pert. unc.,150,27,0.4710587484477401,0.8154170430593194,0.18,0.7840303331932105,0.2,,,,
noise=0.20,CVC-ClinicDB,failure,Mask IoU disag.,150,27,0.5022789748952938,0.8211382113821137,0.18,0.7840303331932105,0.2,,,,
noise=0.20,CVC-ClinicDB,failure,SPRC no-conf top2,150,27,0.5439715723678312,0.8657031014754591,0.18,0.7840303331932105,0.2,,,,
noise=0.20,CVC-ColonDB,failure,SPRC-CB,150,8,0.2554166316846707,0.761443661971831,0.05333333333333334,0.8410037061464248,0.2,,,,
noise=0.20,CVC-ColonDB,failure,SAM IoU min,150,8,0.15139465326290077,0.6971830985915493,0.05333333333333334,0.8410037061464248,0.2,,,,
noise=0.20,CVC-ColonDB,failure,Prompt-pert. unc.,150,8,0.35280181923089976,0.8142605633802816,0.05333333333333334,0.8410037061464248,0.2,,,,
noise=0.20,CVC-ColonDB,failure,Mask IoU disag.,150,8,0.43637422360248446,0.8169014084507042,0.05333333333333334,0.8410037061464248,0.2,,,,
noise=0.20,CVC-ColonDB,failure,SPRC no-conf top2,150,8,0.33640780274077153,0.7922535211267605,0.05333333333333334,0.8410037061464248,0.2,,,,
noise=0.20,ETIS-Larib,failure,SPRC-CB,150,10,0.5818917910733767,0.9421428571428572,0.06666666666666667,0.8592352872664593,0.2,,,,
noise=0.20,ETIS-Larib,failure,SAM IoU min,150,10,0.4405225728308205,0.9242857142857143,0.06666666666666667,0.8592352872664593,0.2,,,,
noise=0.20,ETIS-Larib,failure,Prompt-pert. unc.,150,10,0.565061098887453,0.8764285714285713,0.06666666666666667,0.8592352872664593,0.2,,,,
noise=0.20,ETIS-Larib,failure,Mask IoU disag.,150,10,0.5652232466811797,0.8771428571428572,0.06666666666666667,0.8592352872664593,0.2,,,,
noise=0.20,ETIS-Larib,failure,SPRC no-conf top2,150,10,0.7431006493506492,0.9257142857142857,0.06666666666666667,0.8592352872664593,0.2,,,,
noise=0.20,Kvasir-SEG,failure,SPRC-CB,75,12,0.5187401099079151,0.8584656084656084,0.16,0.7936729497831284,0.2,,,,
noise=0.20,Kvasir-SEG,failure,SAM IoU min,75,12,0.4327214098562316,0.843915343915344,0.16,0.7936729497831284,0.2,,,,
noise=0.20,Kvasir-SEG,failure,Prompt-pert. unc.,75,12,0.443488652344151,0.8293650793650793,0.16,0.7936729497831284,0.2,,,,
noise=0.20,Kvasir-SEG,failure,Mask IoU disag.,75,12,0.5004075872273849,0.8333333333333333,0.16,0.7936729497831284,0.2,,,,
noise=0.20,Kvasir-SEG,failure,SPRC no-conf top2,75,12,0.5310684014115387,0.8505291005291005,0.16,0.7936729497831284,0.2,,,,
noise=0.20,pooled_heldout,failure80,SPRC-CB,525,128,0.5640998483367495,0.8259898457178841,0.2438095238095238,0.8231730861421882,0.2,0.05043601960724544,0.015968968981081775,0.0844327071928938,0.002
noise=0.20,pooled_heldout,failure80,SAM IoU min,525,128,0.5147806375956233,0.7944151448362721,0.2438095238095238,0.8231730861421882,0.2,,,,
noise=0.20,pooled_heldout,failure80,Prompt-pert. unc.,525,128,0.5668344967075263,0.8310768261964735,0.2438095238095238,0.8231730861421882,0.2,,,,
noise=0.20,pooled_heldout,failure80,Mask IoU disag.,525,128,0.5872345388450829,0.8331037468513853,0.2438095238095238,0.8231730861421882,0.2,,,,
noise=0.20,pooled_heldout,failure80,SPRC no-conf top2,525,128,0.5645490220031137,0.8087708595717885,0.2438095238095238,0.8231730861421882,0.2,,,,
noise=0.20,CVC-ClinicDB,failure80,SPRC-CB,150,52,0.63651489041969,0.8101452119309263,0.3466666666666667,0.7840303331932105,0.2,,,,
noise=0.20,CVC-ClinicDB,failure80,SAM IoU min,150,52,0.5846302129947101,0.7547095761381476,0.3466666666666667,0.7840303331932105,0.2,,,,
noise=0.20,CVC-ClinicDB,failure80,Prompt-pert. unc.,150,52,0.6431021292208594,0.8145604395604396,0.3466666666666667,0.7840303331932105,0.2,,,,
noise=0.20,CVC-ClinicDB,failure80,Mask IoU disag.,150,52,0.6498779581824464,0.8173076923076923,0.3466666666666667,0.7840303331932105,0.2,,,,
noise=0.20,CVC-ClinicDB,failure80,SPRC no-conf top2,150,52,0.6691725798331777,0.812892464678179,0.3466666666666667,0.7840303331932105,0.2,,,,
noise=0.20,CVC-ColonDB,failure80,SPRC-CB,150,33,0.3898445702817049,0.711085211085211,0.22,0.8410037061464248,0.2,,,,
noise=0.20,CVC-ColonDB,failure80,SAM IoU min,150,33,0.39057263879955173,0.7101787101787103,0.22,0.8410037061464248,0.2,,,,
noise=0.20,CVC-ColonDB,failure80,Prompt-pert. unc.,150,33,0.4148915932040246,0.7347837347837348,0.22,0.8410037061464248,0.2,,,,
noise=0.20,CVC-ColonDB,failure80,Mask IoU disag.,150,33,0.436590090055616,0.7365967365967366,0.22,0.8410037061464248,0.2,,,,
noise=0.20,CVC-ColonDB,failure80,SPRC no-conf top2,150,33,0.3417926450415479,0.6498316498316499,0.22,0.8410037061464248,0.2,,,,
noise=0.20,ETIS-Larib,failure80,SPRC-CB,150,21,0.6024541272836205,0.9003322259136213,0.14,0.8592352872664593,0.2,,,,
noise=0.20,ETIS-Larib,failure80,SAM IoU min,150,21,0.5149406186439587,0.8656330749354004,0.14,0.8592352872664593,0.2,,,,
noise=0.20,ETIS-Larib,failure80,Prompt-pert. unc.,150,21,0.6238765774744187,0.8715393133997784,0.14,0.8592352872664593,0.2,,,,
noise=0.20,ETIS-Larib,failure80,Mask IoU disag.,150,21,0.6368806526945846,0.8726467331118494,0.14,0.8592352872664593,0.2,,,,
noise=0.20,ETIS-Larib,failure80,SPRC no-conf top2,150,21,0.6884809485125764,0.8973791066814323,0.14,0.8592352872664593,0.2,,,,
noise=0.20,Kvasir-SEG,failure80,SPRC-CB,75,22,0.647377983982242,0.8387650085763294,0.29333333333333333,0.7936729497831284,0.2,,,,
noise=0.20,Kvasir-SEG,failure80,SAM IoU min,75,22,0.632589383647121,0.8301886792452831,0.29333333333333333,0.7936729497831284,0.2,,,,
noise=0.20,Kvasir-SEG,failure80,Prompt-pert. unc.,75,22,0.6198841852552772,0.8567753001715266,0.29333333333333333,0.7936729497831284,0.2,,,,
noise=0.20,Kvasir-SEG,failure80,Mask IoU disag.,75,22,0.6633426167180602,0.8593481989708405,0.29333333333333333,0.7936729497831284,0.2,,,,
noise=0.20,Kvasir-SEG,failure80,SPRC no-conf top2,75,22,0.616033959385548,0.8010291595197256,0.29333333333333333,0.7936729497831284,0.2,,,,
noise=0.20,pooled_heldout,severe_failure,SPRC-CB,525,31,0.41030819183032574,0.9208240825388534,0.05904761904761905,0.8231730861421882,0.2,0.08604883469220077,-0.008216087401766678,0.18048470732492902,0.076
noise=0.20,pooled_heldout,severe_failure,SAM IoU min,525,31,0.32808389081418704,0.8953898393626747,0.05904761904761905,0.8231730861421882,0.2,,,,
noise=0.20,pooled_heldout,severe_failure,Prompt-pert. unc.,525,31,0.3709542388853547,0.8805668016194332,0.05904761904761905,0.8231730861421882,0.2,,,,
noise=0.20,pooled_heldout,severe_failure,Mask IoU disag.,525,31,0.4491235298920196,0.8836358887292672,0.05904761904761905,0.8231730861421882,0.2,,,,
noise=0.20,pooled_heldout,severe_failure,SPRC no-conf top2,525,31,0.43630784024860136,0.9102781768316573,0.05904761904761905,0.8231730861421882,0.2,,,,
noise=0.20,CVC-ClinicDB,severe_failure,SPRC-CB,150,13,0.44889396883298116,0.927007299270073,0.08666666666666667,0.7840303331932105,0.2,,,,
noise=0.20,CVC-ClinicDB,severe_failure,SAM IoU min,150,13,0.4003336748787571,0.8950028074115666,0.08666666666666667,0.7840303331932105,0.2,,,,
noise=0.20,CVC-ClinicDB,severe_failure,Prompt-pert. unc.,150,13,0.43518387693947164,0.8641212801796742,0.08666666666666667,0.7840303331932105,0.2,,,,
noise=0.20,CVC-ClinicDB,severe_failure,Mask IoU disag.,150,13,0.48972823918362574,0.8736664795058956,0.08666666666666667,0.7840303331932105,0.2,,,,
noise=0.20,CVC-ClinicDB,severe_failure,SPRC no-conf top2,150,13,0.49465032830417444,0.9079169006176306,0.08666666666666667,0.7840303331932105,0.2,,,,
noise=0.20,CVC-ColonDB,severe_failure,SPRC-CB,150,4,0.14914554531490015,0.7414383561643836,0.02666666666666667,0.8410037061464248,0.2,,,,
noise=0.20,CVC-ColonDB,severe_failure,SAM IoU min,150,4,0.13093725079744817,0.7345890410958904,0.02666666666666667,0.8410037061464248,0.2,,,,
noise=0.20,CVC-ColonDB,severe_failure,Prompt-pert. unc.,150,4,0.2293240674744595,0.702054794520548,0.02666666666666667,0.8410037061464248,0.2,,,,
noise=0.20,CVC-ColonDB,severe_failure,Mask IoU disag.,150,4,0.3545289855072464,0.7054794520547945,0.02666666666666667,0.8410037061464248,0.2,,,,
noise=0.20,CVC-ColonDB,severe_failure,SPRC no-conf top2,150,4,0.1065432477638512,0.6797945205479452,0.02666666666666667,0.8410037061464248,0.2,,,,
noise=0.20,ETIS-Larib,severe_failure,SPRC-CB,150,7,0.5464303553589268,0.969030969030969,0.04666666666666667,0.8592352872664593,0.2,,,,
noise=0.20,ETIS-Larib,severe_failure,SAM IoU min,150,7,0.4249210689060313,0.945054945054945,0.04666666666666667,0.8592352872664593,0.2,,,,
noise=0.20,ETIS-Larib,severe_failure,Prompt-pert. unc.,150,7,0.5505240373661426,0.956043956043956,0.04666666666666667,0.8592352872664593,0.2,,,,
noise=0.20,ETIS-Larib,severe_failure,Mask IoU disag.,150,7,0.550250626566416,0.957042957042957,0.04666666666666667,0.8592352872664593,0.2,,,,
noise=0.20,ETIS-Larib,severe_failure,SPRC no-conf top2,150,7,0.7324263038548753,0.98001998001998,0.04666666666666667,0.8592352872664593,0.2,,,,
noise=0.20,Kvasir-SEG,severe_failure,SPRC-CB,75,7,0.5907356532356532,0.930672268907563,0.09333333333333334,0.7936729497831284,0.2,,,,
noise=0.20,Kvasir-SEG,severe_failure,SAM IoU min,75,7,0.4447209653092006,0.9138655462184874,0.09333333333333334,0.7936729497831284,0.2,,,,
noise=0.20,Kvasir-SEG,severe_failure,Prompt-pert. unc.,75,7,0.4561938061938062,0.9012605042016807,0.09333333333333334,0.7936729497831284,0.2,,,,
noise=0.20,Kvasir-SEG,severe_failure,Mask IoU disag.,75,7,0.5447460407087736,0.9054621848739495,0.09333333333333334,0.7936729497831284,0.2,,,,
noise=0.20,Kvasir-SEG,severe_failure,SPRC no-conf top2,75,7,0.6172699849170438,0.9243697478991597,0.09333333333333334,0.7936729497831284,0.2,,,,
